filename,species,source,ml_id
sperm_whale_ML110880.mp3,sperm_whale,Macaulay Library,110880
sperm_whale_ML112936.mp3,sperm_whale,Macaulay Library,112936
sperm_whale_ML117702.mp3,sperm_whale,Macaulay Library,117702
sperm_whale_ML128271.mp3,sperm_whale,Macaulay Library,128271
sperm_whale_ML128272.mp3,sperm_whale,Macaulay Library,128272
sperm_whale_ML112299.mp3,sperm_whale,Macaulay Library,112299
sperm_whale_ML134010.mp3,sperm_whale,Macaulay Library,134010
pilot_whale_ML111991.mp3,pilot_whale,Macaulay Library,111991
pilot_whale_ML117723.mp3,pilot_whale,Macaulay Library,117723
pilot_whale_ML117736.mp3,pilot_whale,Macaulay Library,117736
pilot_whale_ML117730.mp3,pilot_whale,Macaulay Library,117730
false_killer_whale_ML112410.mp3,false_killer_whale,Macaulay Library,112410
false_killer_whale_ML120530.mp3,false_killer_whale,Macaulay Library,120530
false_killer_whale_ML120685.mp3,false_killer_whale,Macaulay Library,120685
false_killer_whale_ML120519.mp3,false_killer_whale,Macaulay Library,120519
false_killer_whale_ML112994.mp3,false_killer_whale,Macaulay Library,112994
false_killer_whale_ML112997.mp3,false_killer_whale,Macaulay Library,112997
beaked_whale_ML116253.mp3,beaked_whale,Macaulay Library,116253
beaked_whale_ML116261.mp3,beaked_whale,Macaulay Library,116261
beaked_whale_ML116550.mp3,beaked_whale,Macaulay Library,116550
orca_ML128219.mp3,orca,Macaulay Library,128219
orca_ML134008.mp3,orca,Macaulay Library,134008
blue_whale_ML128263.mp3,blue_whale,Macaulay Library,128263
fin_whale_ML134015.mp3,fin_whale,Macaulay Library,134015
beaked_whale_ML116252.mp3,beaked_whale,Macaulay Library,116252
beaked_whale_ML116257.mp3,beaked_whale,Macaulay Library,116257
beaked_whale_ML116258.mp3,beaked_whale,Macaulay Library,116258
beaked_whale_ML116259.mp3,beaked_whale,Macaulay Library,116259
orca_ML122020.mp3,orca,Macaulay Library,122020
orca_ML122019.mp3,orca,Macaulay Library,122019
orca_ML112943.mp3,orca,Macaulay Library,112943
blue_whale_ML130500.mp3,blue_whale,Macaulay Library,130500
blue_whale_ML120718.mp3,blue_whale,Macaulay Library,120718
blue_whale_ML120717.mp3,blue_whale,Macaulay Library,120717
blue_whale_ML120714.mp3,blue_whale,Macaulay Library,120714
blue_whale_ML120695.mp3,blue_whale,Macaulay Library,120695
blue_whale_ML120532.mp3,blue_whale,Macaulay Library,120532
blue_whale_ML120520.mp3,blue_whale,Macaulay Library,120520
